Data Point Name;Unit;Datatype;Meta;Description
observation_time;ISO TS;String;no;The ISO encoded time-zone aware real time instant of the observation or forecasted point
observation_time_device;ISO TS;String;no;The ISO encoded time-zone aware real time instant of the observation or forecasted point according to the source device
observation_time_correction;s;String;no;Any external time correction that is applied to the observation time
observation_time_span;s;Float;no;The length of the current observation interval
forecast_time;ISO TS;String;no;The ISO encoded time-zone aware time of the encoded time the forecast was created
longitude;°;Float;yes;Longitude, WGS 84
latitude;°;Float;yes;Latitude, WGS 84
altitude;m;Float;yes;Altitude above sea level
device_id;;String;yes;Unique (local) identifier for a particular device
device_type;;String;yes;Device type identifier (mostly for debugging)
air_temperature_2m;°C;Float;no;Air temperature at 2m above ground
air_temperature_min_2m;°C;Float;no;Minimum air temperature at 2m above ground at the corresponding interval
air_temperature_max_2m;°C;Float;no;Maximum air temperature at 2m above ground at the corresponding interval
air_temperature_5cm;°C;Float;no;Air temperature at 5cm above ground
apparent_temperature;°C;Float;no;Apparent/Feels-Like temperature
wet_bulb_temperature_2m;°C;Float;no;Wet bulb temperature measured 2m above ground
air_pressure;hPa;Float;no;Air pressure at ground level
air_pressure_at_sea_level;hPa;Float;no;Air pressure at a (hypothetical) sea level
air_pressure_at_sensor_level;hPa;Float;no;Air pressure at the sensor level
dew_point_temperature_2m;°C;Float;no;Dew point at 2m above ground
relative_humidity_2m;%;Float;no;Relative humidity at 2m above ground
cloud_base;m;Float;no;Lowest altitude of the visible portion of a cloud
cloud_base_high;m;Float;no;Lowest altitude of the visible portion of a cloud. Third layer.
cloud_base_medium;m;Float;no;Lowest altitude of the visible portion of a cloud. Second layer.
cloud_base_low;m;Float;no;Lowest altitude of the visible portion of a cloud. First layer.
cloud_area_fraction;%;Float;no;Total cloud cover for all heights
cloud_area_fraction_high;%;Float;no;Cloud cover higher than 5000m above the ground
cloud_area_fraction_medium;%;Float;no;Cloud cover between 2000 and 5000m above the ground
cloud_area_fraction_low;%;Float;no;Cloud cover lower than 2000m above the ground
fog_area_fraction;%;Float;no;Amount of surrounding area covered in fog (horizontal view under a 1000 meters)
global_horizontal_irradiation;W/m^2;Float;no;Global horizontal irradiation
diffuse_irradiation;W/m^2;Float;no;Diffuse Irradiation
sunshine_fraction;%;Float;no;Fraction of sunshine time within the last time interval
uv_index;1;Float;no;Ultraviolet index 0 (low), 11+ (extreme)
background_luminance;cd/m^2;Float;no;Background luminance
meteorological_optical_range;km;Float;no;Meteorological optical range that allows to detect a dark object on light ground
visibility;km;Float;no;Visibility
wind_direction_10m;°;Float;no;Direction the wind is coming from (0° is north, 90° east, etc.) at 10m above ground
wind_direction_10m_min;°;Float;no;Minimum direction the wind is coming from (0° is north, 90° east, etc.) at 10m above ground over the last measurement period
wind_direction_10m_max;°;Float;no;Maximum direction the wind is coming from (0° is north, 90° east, etc.) at 10m above ground over the last measurement period
wind_direction_10m_std;°;Float;no;Standard deviation of the measured wind direction within the last measurement period
wind_direction_gust_10m;°;Float;no;Direction the wind gusts are coming from (0° is north, 90° east, etc.) at 10m above ground
wind_speed_10m;m/s;Float;no;Wind speed at 10m above the ground. If both vectorial and arithmetic mean are available, take the vectorial mean here.
wind_speed_10m_avg;m/s;Float;no;Wind speed at 10m above the ground. Arithmetic mean values.
wind_speed_10m_std;m/s;Float;no;Standard deviation of the wind speed above 10m on the ground
wind_speed_gust_10m;m/s;Float;no;Wind speed of gusts at 10m above the ground
precipitation_total_6h;mm;Float;no;Total precipitation amount for a 6h period. Covers solid and liquid precipitation. For solid one, the liquid equivalent at ~0°C is used.
precipitation_total_1h;mm;Float;no;Total precipitation amount for a 1h period. Covers solid and liquid precipitation. For solid one, the liquid equivalent at ~0°C is used.
precipitation_total_10min;mm;Float;no;Total precipitation amount for a 10 minutes period. Covers solid and liquid precipitation. For solid one, the liquid equivalent at ~0°C is used.
precipitation_rate;mm/h;Float;no;Liquid equivalent precipitation rate
precipitation_time_fraction;%;Float;no;Fraction of time precipitation was detected within the last timer period
rainfall_total_1h;mm;Float;no;The total rainfall amount without solid components for a 1h period
rainfall_total_6h;mm;Float;no;The total rainfall amount without solid components for a 6h period
rainfall_total_12h;mm;Float;no;The total rainfall amount without solid components for a 12h period
rainfall_total_24h;mm;Float;no;The total rainfall amount without solid components for a 24h period
rainfall_rate;mm/h;Float;no;Rainfall rate without solid components. (If both is mixed, consider precipitation_rate)
rainfall_time_fraction_1h;%;Float;no;Fraction of time, rainfall was detected within the last 1h
snowfall_total_1h;mm;Float;no;Total snowfall amount for a 1h period
snowfall_rate;mm/h;Float;no;Snowfall rate
snow_depth;mm;Float;no;Vertical depth of any snow cover
snow_surface_mass;kg/(m^2);Float;no;Surface snow amount refers to the amount on the solid ground or on surface ice cover, but excludes, for example, falling snowflakes and snow on plants.
snowlimit;m;Float;no;Height above ground where falling snow melts
precipitation_flag;1;Bool;no;Flag indicating precipitation
precipitation_probability;%;Float;no;Probability of observing precipitation
soil_temperature_10_cm;°C;Float;no;Soil temperature 10cm below ground
soil_temperature_20_cm;°C;Float;no;Soil temperature 20cm below ground
soil_temperature_50_cm;°C;Float;no;Soil temperature 50cm below ground
grass_temperature_10cm;°C;Float;no;Grass temperature meausred 10cm above ground
air_quality_index_epa;1;Float;no;Air quality index [US - EPA standard 0 - +500]
convective_available_potential_energy;m^2 * s^-2;Float;no;Convectively available potential energy (e.g. used to estimate/forecast the intensity of thunderstorms)
convective_inhibition;J/kg;Float;no;Convective inhibition
Frequency;Hz;Float;no;Current Frequency
I_AC_tot;A;Float;no;Total Current on the AC side of all phases
I_DC_tot;A;Float;no;Total Current on the DC side of parallel inputs/outputs
I_DC_S1;A;Float;no;DC Current of string nr. 1
I_DC_S2;A;Float;no;DC Current of string nr. 2
I_L1;A;Float;no;AC current on L1
I_L2;A;Float;no;AC current on L2
I_L3;A;Float;no;AC current on L3
U_AC;V;Float;no;Voltage on the AC side, on average over all phases
U_DC;V;Float;no;Voltage on the DC side
U_DC_S1;V;Float;no;DC Voltage of String nr. 1
U_DC_S2;V;Float;no;DC Voltage of String nr. 2
U_L1N;V;Float;no;AC Voltage L1 to N
U_L2N;V;Float;no;AC Voltage L2 to N
U_L3N;V;Float;no;AC Voltage L3 to N
U_L1L2;V;Float;no;AC Voltage L1 to L2
U_L2L3;V;Float;no;AC Voltage L2 to L3
U_L3L1;V;Float;no;AC Voltage L3 to L1
P_AC_tot;W;Float;no;Total AC power
P_DC_tot;W;Float;no;Total DC power
P_DC_S1;W;Float;no;DC Power, string 1 is delivering
P_DC_S2;W;Float;no;DC Power, string 2 is delivering
P_AC_avg;W;Float;no;Average AC power over the configured averaging period
E_P_exp;Wh;Float;no;Exported energy, total
E_P_exp_day;Wh;Float;no;Exported energy, per day
E_P_exp_year;Wh;Float;no;Exported energy, per year
E_P_exp_interval;Wh;Float;no;Exported energy, per measurement interval
E_P_imp_interval;Wh;Float;no;Imported energy, per measurement interval
error_code;1;Integer;no;Current error of the device. (Device specific)
status_code;1;Integer;no;Current status of the device. (Device specific)
device_temperature_1;°C;Float;no;Internal device temperature, channel 1
location;;String;no;Name of the location
day_ahead_prices;€/MWh;Float;no;Prices of the day-ahead market
day_ahead_resolution;min;Integer;no;Resolution of the day-ahead forecasts (15, 30, 60)
<data_point>_p10;-;-;no;10% percentile of data point <data_point>
<data_point>_p90;-;-;no;90% percentile of data point <data_point>
<data_point>_1h_avg;-;-;no;Aggregation scheme of <data point>. The time gives the window and the function (avg/min/max) gives the aggregation
